{"cameraMode":{"drawMode":0,"name":"Shaded","section":"Shading Mode"},"sceneLighting":true,"audioPlay":false,"sceneViewState":{"m_AlwaysRefresh":false,"showFog":true,"showSkybox":true,"showFlares":true,"showImageEffects":true,"showParticleSystems":true,"showVisualEffectGraphs":true,"m_FxEnabled":true},"in2DMode":false,"pivot":{"x":2.666567802429199,"y":7.170055389404297,"z":-2.4883289337158205},"rotation":{"x":-0.4968092441558838,"y":-0.004666367080062628,"z":0.0027365766000002624,"w":-0.8678982853889465},"size":33.434043884277347,"orthographic":true}